fixture,frequency,pitch,ratio,mode,feasible,rms_error,peak_error,amplitude_error_db,spurious_energy,harmonic_energy,nonharmonic_energy,alias_tone_rms
sine_100,100,48,0.5,Nearest,1,55.21752481715811,114.25097313278525,-4.489670238389788e-05,1524.6470143368863,0.005517869487221105,1524.641496467399,0
sine_100,100,48,0.5,Linear,1,0.20533903214884536,0.7266608119234661,-1.7050263495103694e-05,0.09780875476428062,0.004846236184259889,0.09296251858002073,0
sine_100,100,48,0.5,Hermite4,1,0.20533903214884536,0.7266608119234661,-1.7050263495103694e-05,0.09780875476428062,0.004846236184259889,0.09296251858002073,0
sine_100,100,53,0.66741943359375,Nearest,1,91.95389429435788,218.9044455352648,-0.0010090220323177399,2118.796522282187,19.346140243419086,2099.450382038768,0
sine_100,100,53,0.66741943359375,Linear,1,0.37179940178775384,1.0802697179497045,-0.00014656512490992163,0.142685638773402,0.004357012665765686,0.13832862610763633,0
sine_100,100,53,0.66741943359375,Hermite4,1,0.29338781339817654,0.7236661230253958,2.1828145571330213e-06,0.1481923886115716,0.004105792817853032,0.14408659579371857,0
sine_100,100,59,0.9438629150390625,Nearest,1,91.9606780977824,227.34441963762296,-0.00011229678114208011,2113.055672483056,1.160569373787439,2111.8951031092683,0
sine_100,100,59,0.9438629150390625,Linear,1,0.364493604319151,1.005125686428073,-0.00014511397233574154,0.14865665821995494,0.002869191554743744,0.1457874666652112,0
sine_100,100,59,0.9438629150390625,Hermite4,1,0.2943863152865278,0.7104785729770811,-3.023499129641442e-06,0.14691821727712584,0.0028416671791350323,0.1440765500979908,0
sine_100,100,60,1.0,Nearest,1,2.9247370120795865e-12,5.4569682106375694e-12,-2.892982399659862e-15,0.07906313433224288,0.0025373213296213115,0.07652581300262157,0
sine_100,100,60,1.0,Linear,1,2.9247370120795865e-12,5.4569682106375694e-12,-2.892982399659862e-15,0.07906313433224288,0.0025373213296213115,0.07652581300262157,0
sine_100,100,60,1.0,Hermite4,1,2.9247370120795865e-12,5.4569682106375694e-12,-2.892982399659862e-15,0.07906313433224288,0.0025373213296213115,0.07652581300262157,0
sine_100,100,61,1.0594635009765625,Nearest,1,92.20867143926999,227.71901269701772,-7.921278458113785e-05,2130.8521561213734,0.4648625693776012,2130.3872935519958,0
sine_100,100,61,1.0594635009765625,Linear,1,0.3702299889467245,1.0264311057107989,-0.00014360918810196093,0.14505276516311627,0.0020101448231259478,0.14304262033999032,0
sine_100,100,61,1.0594635009765625,Hermite4,1,0.2975130393662353,0.6465036641238839,4.804950837683125e-06,0.14803910235537826,0.0024326752379683625,0.1456064271174099,0
sine_100,100,67,1.4983062744140625,Nearest,1,88.16437498321068,194.4097984582295,-0.0022470127527014247,2054.6430751385433,348.9879164610509,1705.6551586774924,0
sine_100,100,67,1.4983062744140625,Linear,1,0.36500962971625794,0.9445956750096229,-0.0001462198836103494,0.1426323332283065,0.004647687225417529,0.13798464600288898,0
sine_100,100,67,1.4983062744140625,Hermite4,1,0.3157032265631039,0.7308675311105617,-8.300580832231782e-06,0.14232358039600967,0.0035918992530934446,0.13873168114291623,0
sine_100,100,72,2.0,Nearest,1,0.20178174518690467,0.640297251462016,9.487461046892424e-07,0.07884876481029184,0.002449927112284797,0.07639883769800704,0
sine_100,100,72,2.0,Linear,1,0.20178174518690467,0.640297251462016,9.487461046892424e-07,0.07884876481029184,0.002449927112284797,0.07639883769800704,0
sine_100,100,72,2.0,Hermite4,1,0.20178174518690467,0.640297251462016,9.487461046892424e-07,0.07884876481029184,0.002449927112284797,0.07639883769800704,0
sine_500,500,48,0.5,Nearest,1,285.98474895664003,570.338295117726,-0.0014208817832805079,40886.34272443669,0.08136873941111844,40886.26135569728,0
sine_500,500,48,0.5,Linear,1,4.904224158657873,10.23655995111767,-0.002669847134064538,12.104176690280493,0.006322496915800002,12.097854193364693,0
sine_500,500,48,0.5,Hermite4,1,0.22565799140407664,0.7218439513890189,1.7726986976218536e-05,0.09732963733464087,0.0019379399514755924,0.09539169738316527,0
sine_500,500,53,0.66741943359375,Nearest,1,457.9275954632435,1127.3107207048424,-0.00241854556512896,53999.02680970496,20.008759670970903,53979.01805003399,0
sine_500,500,53,0.66741943359375,Linear,1,5.25413797023287,10.477183880684606,-0.0036828181638818404,4.654655617145654,0.0024936689913968024,4.652161948154257,0
sine_500,500,53,0.66741943359375,Hermite4,1,0.3011410290941897,0.7404415393657473,-3.9830092079897485e-06,0.14600029958551858,0.0021028184789373405,0.14389748110658124,0
sine_500,500,59,0.9438629150390625,Nearest,1,465.90774764442443,1135.7308611847002,-0.002067749745486832,54174.4520846026,78.12257599664736,54096.32950860595,0
sine_500,500,59,0.9438629150390625,Linear,1,5.254069420714166,10.651246785269905,-0.003679835407950408,4.710928822544336,0.008486703386084926,4.702442119158251,0
sine_500,500,59,0.9438629150390625,Hermite4,1,0.30651773809020433,0.74473589398076,5.038368429085181e-06,0.15230906211582276,0.0026815898156582196,0.14962747230016454,0
sine_500,500,60,1.0,Nearest,1,1.888595475991733e-12,3.637978807091713e-12,-4.821637332766436e-15,0.07896839965966292,0.0026556477404688084,0.07631275191919411,0
sine_500,500,60,1.0,Linear,1,1.888595475991733e-12,3.637978807091713e-12,-4.821637332766436e-15,0.07896839965966292,0.0026556477404688084,0.07631275191919411,0
sine_500,500,60,1.0,Hermite4,1,1.888595475991733e-12,3.637978807091713e-12,-4.821637332766436e-15,0.07896839965966292,0.0026556477404688084,0.07631275191919411,0
sine_500,500,61,1.0594635009765625,Nearest,1,464.4844228110097,1131.488444337538,-0.0023523154592466062,54086.6668132324,441.40647677486413,53645.26033645753,0
sine_500,500,61,1.0594635009765625,Linear,1,5.242983485026643,10.651688214431488,-0.003671755473690435,4.739634253844422,0.05774737161558807,4.6818868822288335,0
sine_500,500,61,1.0594635009765625,Hermite4,1,0.30065274031180766,0.8023312181358051,-2.815440738698257e-07,0.14731606939665604,0.002640544244949916,0.14467552515170612,0
sine_500,500,67,1.4983062744140625,Nearest,1,469.7428495772316,1138.455029708654,-0.005332627262525907,54291.040721202,362.89079313074035,53928.14992807126,0
sine_500,500,67,1.4983062744140625,Linear,1,5.230503899041173,10.524336380996829,-0.003678605285032984,4.562422717959091,0.0026861973936274097,4.559736520565464,0
sine_500,500,67,1.4983062744140625,Hermite4,1,0.3191445712876541,0.8489586751875322,8.241342684448709e-08,0.1488842402633449,0.0014789448445881315,0.14740529541875677,0
sine_500,500,72,2.0,Nearest,1,0.2007036128624529,0.5472234015633148,2.3574990401092747e-07,0.07932278246607707,0.002708062989001281,0.0766147194770758,0
sine_500,500,72,2.0,Linear,1,0.2007036128624529,0.5472234015633148,2.3574990401092747e-07,0.07932278246607707,0.002708062989001281,0.0766147194770758,0
sine_500,500,72,2.0,Hermite4,1,0.2007036128624529,0.5472234015633148,2.3574990401092747e-07,0.07932278246607707,0.002708062989001281,0.0766147194770758,0
sine_1000,1000,48,0.5,Nearest,1,570.5873768022204,1139.9588334828106,-0.0055651938932015435,162712.13328438712,0.17158942093374208,162711.9616949662,0
sine_1000,1000,48,0.5,Linear,1,20.085478774298124,40.62292850400263,-0.010923037306007726,201.87764738768152,0.005787485863152142,201.87185990181837,0
sine_1000,1000,48,0.5,Hermite4,1,0.21046069013508195,0.7371968539682712,-2.9308047158550622e-05,0.11108320522296596,0.0032029033700791826,0.10788030185288677,0
sine_1000,1000,53,0.66741943359375,Nearest,1,918.7767685922463,2265.345248489135,-0.007551149475609699,215733.971971497,37.96748498920351,215696.0044865078,0
sine_1000,1000,53,0.66741943359375,Linear,1,20.95395600902798,40.758320961400386,-0.014713664616359846,72.51133473145502,0.002715929082981461,72.50861880237204,0
sine_1000,1000,53,0.66741943359375,Hermite4,1,0.48289941752730453,1.3215012201130776,-4.515470722448139e-05,0.2875264465154179,0.003019981725682297,0.2845064647897356,0
sine_1000,1000,59,0.9438629150390625,Nearest,1,929.665240077801,2265.4630542361897,-0.005813738877262194,215741.6815730334,72.77152965182904,215668.91004338156,0
sine_1000,1000,59,0.9438629150390625,Linear,1,20.89913062919223,40.85840285980521,-0.014665981393541189,73.53020707149162,0.025170177936502114,73.50503689355511,0
sine_1000,1000,59,0.9438629150390625,Hermite4,1,0.4834702494373378,1.367754520136259,-5.029163409938377e-05,0.2903747778925031,0.004430954959612543,0.28594382293289056,0
sine_1000,1000,60,1.0,Nearest,1,3.756191765054598e-12,5.4569682106375694e-12,-9.643274665532871e-16,0.07859225201025852,0.002496426668984461,0.07609582534127406,0
sine_1000,1000,60,1.0,Linear,1,3.756191765054598e-12,5.4569682106375694e-12,-9.643274665532871e-16,0.07859225201025852,0.002496426668984461,0.07609582534127406,0
sine_1000,1000,60,1.0,Hermite4,1,3.756191765054598e-12,5.4569682106375694e-12,-9.643274665532871e-16,0.07859225201025852,0.002496426668984461,0.07609582534127406,0
sine_1000,1000,61,1.0594635009765625,Nearest,1,930.5048908454721,2265.143688456701,-0.008973026956736692,214677.67905461742,206.81546496527153,214470.86358965214,0
sine_1000,1000,61,1.0594635009765625,Linear,1,20.90073007737775,40.89664951186205,-0.014647298299756618,73.78839777312028,0.0670352357542896,73.72136253736599,0
sine_1000,1000,61,1.0594635009765625,Hermite4,1,0.4887625572798019,1.2684857477497644,-4.593740972177979e-05,0.29458630319009455,0.003377585395137994,0.29120871779495655,0
sine_1000,1000,67,1.4983062744140625,Nearest,1,936.2740446412413,2274.166864649684,-0.008798174713536796,215384.15700507245,210.48060051872744,215173.67640455373,0
sine_1000,1000,67,1.4983062744140625,Linear,1,20.9546935805812,41.04528607596876,-0.014710910720937331,72.35453207299477,0.003054590790469547,72.3514774822043,0
sine_1000,1000,67,1.4983062744140625,Hermite4,1,0.49285813456549876,1.3943179274720023,-5.271447132327143e-05,0.28916510324072164,0.0021197114396142025,0.28704539180110744,0
sine_1000,1000,72,2.0,Nearest,1,0.19924530444074726,0.5387121902786021,-1.2278023747271723e-06,0.0789698479278105,0.002759087184956252,0.07621076074285425,0
sine_1000,1000,72,2.0,Linear,1,0.19924530444074726,0.5387121902786021,-1.2278023747271723e-06,0.0789698479278105,0.002759087184956252,0.07621076074285425,0
sine_1000,1000,72,2.0,Hermite4,1,0.19924530444074726,0.5387121902786021,-1.2278023747271723e-06,0.0789698479278105,0.002759087184956252,0.07621076074285425,0
sine_3000,3000,48,0.5,Nearest,1,1708.0906601870286,3412.917794854911,-0.0500342179671815,1458495.71309725,2.1504786922596395,1458493.5626185578,0
sine_3000,3000,48,0.5,Linear,1,181.67489040557223,363.96820981900237,-0.09927706497620649,16504.888117795577,0.036472435989708174,16504.851645359588,0
sine_3000,3000,48,0.5,Hermite4,1,6.132433000755976,12.708894193823653,-0.0033306899811062075,18.909913394567774,0.01245741870676298,18.89745597586101,0
sine_3000,3000,53,0.66741943359375,Nearest,1,2743.9483745491434,6740.076796726676,-0.06568708137095329,1930915.6640635058,121.88876417768188,1930793.7752993281,0
sine_3000,3000,53,0.66741943359375,Linear,1,187.9604881111923,363.89087651054615,-0.13262645042178003,5937.469479352276,0.051567170876296586,5937.4179121813995,0
sine_3000,3000,53,0.66741943359375,Hermite4,1,11.690563079118846,21.488599655664984,-0.0035624806932605725,115.21677143007824,0.010107184676456882,115.20666424540178,0
sine_3000,3000,59,0.9438629150390625,Nearest,1,2780.8119243810647,6678.869541382674,-0.06623594383562723,1936198.5010312207,430.2195308827795,1935768.2815003379,0
sine_3000,3000,59,0.9438629150390625,Linear,1,187.96528461690693,363.8232618645525,-0.13247558021552452,6005.917155247948,1.4486067979887594,6004.46854844996,0
sine_3000,3000,59,0.9438629150390625,Hermite4,1,11.665581078920345,21.530914998901608,-0.003572403664842147,114.53060828454655,0.0473645571368877,114.48324372740966,0
sine_3000,3000,60,1.0,Nearest,1,1.873597587359966e-12,3.637978807091713e-12,1.928654933106574e-15,0.08629445727024322,0.009355680778598288,0.07693877649164493,0
sine_3000,3000,60,1.0,Linear,1,1.873597587359966e-12,3.637978807091713e-12,1.928654933106574e-15,0.08629445727024322,0.009355680778598288,0.07693877649164493,0
sine_3000,3000,60,1.0,Hermite4,1,1.873597587359966e-12,3.637978807091713e-12,1.928654933106574e-15,0.08629445727024322,0.009355680778598288,0.07693877649164493,0
sine_3000,3000,61,1.0594635009765625,Nearest,1,2775.495691222085,6750.084801953046,-0.06315265974174032,1937718.7463010955,1590.408722328255,1936128.3375787672,0
sine_3000,3000,61,1.0594635009765625,Linear,1,188.0875668626426,360.70893069710473,-0.13264034050686171,5992.398890859964,0.2091127143758058,5992.189778145588,0
sine_3000,3000,61,1.0594635009765625,Hermite4,1,11.668038148943213,21.56730190633425,-0.003593708662109769,114.32273032115978,0.014768253843641332,114.30796206731614,0
sine_3000,3000,67,1.4983062744140625,Nearest,1,2783.873708898421,6771.628774823543,-0.06619391512605102,1932962.2958278228,332.0528351822868,1932630.2429926405,0
sine_3000,3000,67,1.4983062744140625,Linear,1,187.8824886019066,363.93748967939246,-0.13266438716943346,5915.3528531348,1.8767626173175813,5913.476090517483,0
sine_3000,3000,67,1.4983062744140625,Hermite4,1,11.698455736413903,21.61162564049482,-0.0035693414919168776,115.26542490871428,0.012968893683733995,115.25245601503055,0
sine_3000,3000,72,2.0,Nearest,1,0.185493449706994,0.45563499079071335,-4.0988837715787123e-07,0.0862800670823943,0.006799516967770716,0.07948055011462359,0
sine_3000,3000,72,2.0,Linear,1,0.185493449706994,0.45563499079071335,-4.0988837715787123e-07,0.0862800670823943,0.006799516967770716,0.07948055011462359,0
sine_3000,3000,72,2.0,Hermite4,1,0.185493449706994,0.45563499079071335,-4.0988837715787123e-07,0.0862800670823943,0.006799516967770716,0.07948055011462359,0
sine_5000,5000,48,0.5,Nearest,1,2835.5205058142624,5668.876841542526,-0.13894884048512687,4020364.343695894,20.896662330254912,4020343.4470335636,0
sine_5000,5000,48,0.5,Linear,1,501.84813417142686,1003.9380350044321,-0.27692082478764113,125904.54615035949,0.10111409980163444,125904.44503625968,0
sine_5000,5000,48,0.5,Hermite4,1,46.24779034749298,92.9380350044321,-0.025153206201378966,1069.326789839798,0.004186446046333003,1069.3226033937517,0
sine_5000,5000,53,0.66741943359375,Nearest,1,4534.183641048301,11084.973804569569,-0.180306293972855,5302367.611620905,69.02320305816829,5302298.588417847,0
sine_5000,5000,53,0.66741943359375,Linear,1,518.4668029843547,1004.6740455328072,-0.36942625371978205,46834.00889153195,0.9331540490675252,46833.07573748288,0
sine_5000,5000,53,0.66741943359375,Hermite4,1,63.707780339185085,106.85005953222935,-0.026761139407782235,2846.9909287361634,0.037333501578359574,2846.953595234585,0
sine_5000,5000,59,0.9438629150390625,Nearest,1,4549.106463546933,10512.804275373055,-0.1321275241965274,5269904.5781484535,15284.90244315844,5254619.675705295,0
sine_5000,5000,59,0.9438629150390625,Linear,1,518.3886395857257,999.2261889570509,-0.36971320021746656,46566.45038907502,1.0288342480344,46565.421554826986,0
sine_5000,5000,59,0.9438629150390625,Hermite4,1,63.646489343666225,106.46585208775286,-0.026779586732611976,2838.4322558166923,0.006890364474202215,2838.425365452218,0
sine_5000,5000,60,1.0,Nearest,1,1.4368900130167887e-12,3.637978807091713e-12,0.0,0.07921727929497271,0.0023939214728149333,0.07682335782215778,0
sine_5000,5000,60,1.0,Linear,1,1.4368900130167887e-12,3.637978807091713e-12,0.0,0.07921727929497271,0.0023939214728149333,0.07682335782215778,0
sine_5000,5000,60,1.0,Hermite4,1,1.4368900130167887e-12,3.637978807091713e-12,0.0,0.07921727929497271,0.0023939214728149333,0.07682335782215778,0
sine_5000,5000,61,1.0594635009765625,Nearest,1,4588.313788613196,11118.209269175099,-0.18651964783747238,5309565.413806953,5780.442183248699,5303784.971623704,0
sine_5000,5000,61,1.0594635009765625,Linear,1,518.6987146335969,1004.2902598830369,-0.3690279618049259,47529.71495328464,15.762006971912342,47513.952946312726,0
sine_5000,5000,61,1.0594635009765625,Hermite4,1,63.67853196443255,107.0493461893675,-0.02679221857422926,2840.445406638503,0.13998396487886566,2840.305422673624,0
sine_5000,5000,67,1.4983062744140625,Nearest,1,4601.38622633857,11115.890374756065,-0.18221462911983174,5303399.28856725,580.9514929400757,5302818.33707431,0
sine_5000,5000,67,1.4983062744140625,Linear,1,518.4257723281338,1003.1721505689893,-0.36949374738916413,46732.49015088004,14.534769076781231,46717.95538180326,0
sine_5000,5000,67,1.4983062744140625,Hermite4,1,63.763473966167346,107.22465829874636,-0.026750254189636002,2855.3591946489873,0.02569213826018313,2855.333502510727,0
sine_5000,5000,72,2.0,Nearest,1,0.1948223140214907,0.49322844587914005,-3.2194050984415063e-07,0.07940000402634934,0.0019397183018053932,0.07746028572454394,0
sine_5000,5000,72,2.0,Linear,1,0.1948223140214907,0.49322844587914005,-3.2194050984415063e-07,0.07940000402634934,0.0019397183018053932,0.07746028572454394,0
sine_5000,5000,72,2.0,Hermite4,1,0.1948223140214907,0.49322844587914005,-3.2194050984415063e-07,0.07940000402634934,0.0019397183018053932,0.07746028572454394,0
sine_10000,10000,48,0.5,Nearest,1,5580.328078454104,11158.471913782516,-0.5648350653644786,15574225.955235908,139.57770841382444,15574086.377527494,0
sine_10000,10000,48,0.5,Linear,1,1945.6514243164847,3891.105619193486,-1.1266882066501767,1891712.340630361,9.595916410442442,1891702.7447139507,0
sine_10000,10000,48,0.5,Hermite4,1,652.2353340255619,1304.5059229327962,-0.36165140171116794,212585.768316841,1.0934690892754588,212584.6748477517,0
sine_10000,10000,53,0.66741943359375,Nearest,1,8742.242185153871,20834.229710526168,-0.7479141614891727,20187645.00092386,322.50323828309774,20187322.497685578,0
sine_10000,10000,53,0.66741943359375,Linear,1,2006.3669156885742,3890.076146799136,-1.4979803749348872,813040.4496691863,8.017933104303665,813032.431736082,0
sine_10000,10000,53,0.66741943359375,Hermite4,1,708.719031596318,1304.076146799136,-0.3809110165581876,266603.6521170611,2.8026435275678523,266600.8494735335,0
sine_10000,10000,59,0.9438629150390625,Nearest,1,8776.997889867089,20386.36735031785,-0.7433552681840927,20208632.31056633,29806.41163841635,20178825.898927912,0
sine_10000,10000,59,0.9438629150390625,Linear,1,2005.5259719259866,3882.3582274416513,-1.4961031092448105,817841.7783480699,8.833486284362152,817832.9448617855,0
sine_10000,10000,59,0.9438629150390625,Hermite4,1,708.5850489541274,1303.1005350866708,-0.38129359507158506,266009.33921006205,0.16624437901191413,266009.17296568304,0
sine_10000,10000,60,1.0,Nearest,1,1.3133368335584663e-12,3.637978807091713e-12,0.0,0.07855517441851032,0.0019406312636693346,0.07661454315484098,0
sine_10000,10000,60,1.0,Linear,1,1.3133368335584663e-12,3.637978807091713e-12,0.0,0.07855517441851032,0.0019406312636693346,0.07661454315484098,0
sine_10000,10000,60,1.0,Hermite4,1,1.3133368335584663e-12,3.637978807091713e-12,0.0,0.07855517441851032,0.0019406312636693346,0.07661454315484098,0
sine_10000,10000,61,1.0594635009765625,Nearest,1,8834.673335875961,20837.59556675528,-0.7370087974193845,20181906.951833718,214.84443343430758,20181692.107400283,0
sine_10000,10000,61,1.0594635009765625,Linear,1,2006.5148451357827,3891.093383542404,-1.4961991739643539,821210.8943982115,1.2605524412356317,821209.6338457703,0
sine_10000,10000,61,1.0594635009765625,Hermite4,1,708.8484247294629,1304.093383542404,-0.3815905114912754,266004.65568622353,0.1047099424758926,266004.55097628105,0
sine_10000,10000,67,1.4983062744140625,Nearest,1,8860.326857463424,20680.186009531324,-0.7486935722151478,20212534.619752593,0,20212534.619752593,0
sine_10000,10000,67,1.4983062744140625,Linear,1,2005.1245837747658,3891.160838984126,-1.4976659225212197,811315.4960037706,0,811315.4960037706,0
sine_10000,10000,67,1.4983062744140625,Hermite4,1,708.7239292422074,1304.2188843220429,-0.3811474280744611,266472.0170430814,0,266472.0170430814,0
sine_10000,10000,72,2.0,Nearest,1,0.3295268964211317,0.8425878589914646,0.00019666116149057384,0.07936385447608475,0,0.07936385447608475,0
sine_10000,10000,72,2.0,Linear,1,0.3295268964211317,0.8425878589914646,0.00019666116149057384,0.07936385447608475,0,0.07936385447608475,0
sine_10000,10000,72,2.0,Hermite4,1,0.3295268964211317,0.8425878589914646,0.00019666116149057384,0.07936385447608475,0,0.07936385447608475,0
sine_15000,15000,48,0.5,Nearest,1,8146.8007831218465,16295.504358322542,-1.307489226075786,33205409.801371023,657.8207226730883,33204751.98064835,0
sine_15000,15000,48,0.5,Linear,1,4150.964019477692,8296.980246028521,-2.610035421123851,8607066.822508302,192.8259258568287,8606873.996582445,0
sine_15000,15000,48,0.5,Hermite4,1,2671.024542666915,5338.980246028521,-1.5872056855034584,3563797.8538324367,79.68750940822065,3563718.1663230285,0
sine_15000,15000,53,0.66741943359375,Nearest,1,12308.924166539715,27801.36636795216,-1.7143885669417356,41776536.31074334,17748.371793136,41758787.9389502,0
sine_15000,15000,53,0.66741943359375,Linear,1,4265.420472446878,8293.94464408097,-3.4456088369229394,4466743.983478975,94.7349790558219,4466649.248499919,0
sine_15000,15000,53,0.66741943359375,Hermite4,1,2736.6919173603987,5336.94464408097,-1.6521799464151397,3648402.0897314204,66.8850652333349,3648335.204666187,0
sine_15000,15000,59,0.9438629150390625,Nearest,1,12404.964732072252,27669.180687283268,-1.7596776533448286,42185989.152009085,0,42185989.152009085,0
sine_15000,15000,59,0.9438629150390625,Linear,1,4265.950061647551,8293.614328559359,-3.4432601773953655,4488174.881983683,0,4488174.881983683,0
sine_15000,15000,59,0.9438629150390625,Hermite4,1,2736.988242594787,5336.721458780181,-1.6526237127577663,3648624.8192574573,0,3648624.8192574573,0
sine_15000,15000,60,1.0,Nearest,1,2.608792150708525e-12,5.4569682106375694e-12,0.0,0.08614252007420213,0,0.08614252007420213,0
sine_15000,15000,60,1.0,Linear,1,2.608792150708525e-12,5.4569682106375694e-12,0.0,0.08614252007420213,0,0.08614252007420213,0
sine_15000,15000,60,1.0,Hermite4,1,2.608792150708525e-12,5.4569682106375694e-12,0.0,0.08614252007420213,0,0.08614252007420213,0
sine_15000,15000,61,1.0594635009765625,Nearest,1,12421.759589850517,27971.660059999085,-1.7275710240277975,41887948.691056125,0,41887948.691056125,0
sine_15000,15000,61,1.0594635009765625,Linear,1,4268.17503793676,8293.512626227945,-3.4456654029426526,4492096.635153325,0,4492096.635153325,0
sine_15000,15000,61,1.0594635009765625,Hermite4,1,2738.258176652146,5334.512626227945,-1.6547022046555273,3646941.78100572,0,3646941.78100572,0
sine_15000,15000,67,1.4983062744140625,Nearest,0,11289.978542684772,16005.157873732152,56.688459900165626,42205236.84707983,0,42205236.84707983,9276.579882880334
sine_15000,15000,67,1.4983062744140625,Linear,0,7906.292237491684,15954.711885669774,54.969941288748885,4494302.609487861,0,4494302.609487861,7611.354647718207
sine_15000,15000,67,1.4983062744140625,Hermite4,0,9557.525228626033,15972.711885669774,56.76111092010669,3659117.078373988,0,3659117.078373988,9354.496993431832
sine_15000,15000,72,2.0,Nearest,0,11312.274145903375,15999.251277362417,139.756043479271,0.08606381989491141,0,0.08606381989491141,11313.717278056472
sine_15000,15000,72,2.0,Linear,0,11312.274145903375,15999.251277362417,139.756043479271,0.08606381989491141,0,0.08606381989491141,11313.717278056472
sine_15000,15000,72,2.0,Hermite4,0,11312.274145903375,15999.251277362417,139.756043479271,0.08606381989491141,0,0.08606381989491141,11313.717278056472
sine_18000,18000,48,0.5,Nearest,1,9570.006534723456,19139.455234282806,-1.9256337919457152,45796337.77691238,16.931644208729267,45796320.84526817,0
sine_18000,18000,48,0.5,Linear,1,5724.846077717891,11441.488468659121,-3.847696569937945,16379857.004330913,4.597150705754757,16379852.407180207,0
sine_18000,18000,48,0.5,Hermite4,1,4678.711412280954,9350.488468659121,-3.0052713730070764,10940449.073952833,3.0625626873224974,10940446.011390146,0
sine_18000,18000,53,0.66741943359375,Nearest,1,14048.452421021366,30597.110964935164,-2.5285869280341684,56406354.519063324,0,56406354.519063324,0
sine_18000,18000,53,0.66741943359375,Linear,1,5872.651037792039,11436.534717420034,-5.059978995391407,9539606.478642419,0,9539606.478642419,0
sine_18000,18000,53,0.66741943359375,Hermite4,1,4726.1917686200695,9349.534717420034,-3.105349759620684,10773889.810968146,0,10773889.810968146,0
sine_18000,18000,59,0.9438629150390625,Nearest,1,14189.09219822194,30619.791291691763,-2.536858602992062,56534398.57074872,0,56534398.57074872,0
sine_18000,18000,59,0.9438629150390625,Linear,1,5872.865636765397,11442.177894780663,-5.056288583413497,9564712.756537208,0,9564712.756537208,0
sine_18000,18000,59,0.9438629150390625,Hermite4,1,4726.618300434314,9350.841553377859,-3.1063034218535295,10770015.204867542,0,10770015.204867542,0
sine_18000,18000,60,1.0,Nearest,1,2.8160718932594365e-12,5.4569682106375694e-12,0.0,0.09694921703365283,0,0.09694921703365283,0
sine_18000,18000,60,1.0,Linear,1,2.8160718932594365e-12,5.4569682106375694e-12,0.0,0.09694921703365283,0,0.09694921703365283,0
sine_18000,18000,60,1.0,Hermite4,1,2.8160718932594365e-12,5.4569682106375694e-12,0.0,0.09694921703365283,0,0.09694921703365283,0
sine_18000,18000,61,1.0594635009765625,Nearest,1,14196.818262612966,29666.627043852903,-2.536247902746418,56466598.19369914,0,56466598.19369914,0
sine_18000,18000,61,1.0594635009765625,Linear,1,5877.078599260507,11357.130526315472,-5.059869526517002,9577554.640222318,0,9577554.640222318,0
sine_18000,18000,61,1.0594635009765625,Hermite4,1,4729.31275638442,9236.130526315472,-3.1097640943517173,10769067.442185497,0,10769067.442185497,0
sine_18000,18000,67,1.4983062744140625,Nearest,0,11311.386037164551,15992.240432774095,132.16612888878663,56307419.30893721,0,56307419.30893721,8464.713296475582
sine_18000,18000,67,1.4983062744140625,Linear,0,7031.967029161762,15943.839800962527,129.62498160246648,9532554.232128551,0,9532554.232128551,6317.6402021310205
sine_18000,18000,67,1.4983062744140625,Hermite4,0,8567.663581419522,15991.839800962527,131.58130348988576,10775303.785608437,0,10775303.785608437,7913.543300071963
sine_18000,18000,72,2.0,Nearest,0,11311.16191531339,15991.905671594335,150.17107436334675,0.09696662483564493,0.006201523996264058,0.09076510083938087,11313.745667975207
sine_18000,18000,72,2.0,Linear,0,11311.16191531339,15991.905671594335,150.17107436334675,0.09696662483564493,0.006201523996264058,0.09076510083938087,11313.745667975207
sine_18000,18000,72,2.0,Hermite4,0,11311.16191531339,15991.905671594335,150.17107436334675,0.09696662483564493,0.006201523996264058,0.09076510083938087,11313.745667975207
dc,0,48,0.5,Nearest,1,1.2862197421537486e-12,1.8189894035458565e-12,0,0,0,0,0
dc,0,48,0.5,Linear,1,1.2862197421537486e-12,1.8189894035458565e-12,0,0,0,0,0
dc,0,48,0.5,Hermite4,1,1.2862197421537486e-12,1.8189894035458565e-12,0,0,0,0,0
dc,0,53,0.66741943359375,Nearest,1,2.8549320640758387e-12,1.0913936421275139e-11,0,0,0,0,0
dc,0,53,0.66741943359375,Linear,1,2.8549320640758387e-12,1.0913936421275139e-11,0,0,0,0,0
dc,0,53,0.66741943359375,Hermite4,1,2.8549320640758387e-12,1.0913936421275139e-11,0,0,0,0,0
dc,0,59,0.9438629150390625,Nearest,1,2.8141798326229406e-12,1.0913936421275139e-11,0,0,0,0,0
dc,0,59,0.9438629150390625,Linear,1,2.8141798326229406e-12,1.0913936421275139e-11,0,0,0,0,0
dc,0,59,0.9438629150390625,Hermite4,1,2.8141798326229406e-12,1.0913936421275139e-11,0,0,0,0,0
dc,0,60,1.0,Nearest,1,1.8189894035458565e-12,1.8189894035458565e-12,0,0,0,0,0
dc,0,60,1.0,Linear,1,1.8189894035458565e-12,1.8189894035458565e-12,0,0,0,0,0
dc,0,60,1.0,Hermite4,1,1.8189894035458565e-12,1.8189894035458565e-12,0,0,0,0,0
dc,0,61,1.0594635009765625,Nearest,1,2.4190197599356466e-12,9.094947017729282e-12,0,0,0,0,0
dc,0,61,1.0594635009765625,Linear,1,2.4190197599356466e-12,9.094947017729282e-12,0,0,0,0,0
dc,0,61,1.0594635009765625,Hermite4,1,2.4190197599356466e-12,9.094947017729282e-12,0,0,0,0,0
dc,0,67,1.4983062744140625,Nearest,1,2.2669765488227844e-12,9.094947017729282e-12,0,0,0,0,0
dc,0,67,1.4983062744140625,Linear,1,2.2669765488227844e-12,9.094947017729282e-12,0,0,0,0,0
dc,0,67,1.4983062744140625,Hermite4,1,2.2669765488227844e-12,9.094947017729282e-12,0,0,0,0,0
dc,0,72,2.0,Nearest,1,1.8189894035458565e-12,1.8189894035458565e-12,0,0,0,0,0
dc,0,72,2.0,Linear,1,1.8189894035458565e-12,1.8189894035458565e-12,0,0,0,0,0
dc,0,72,2.0,Hermite4,1,1.8189894035458565e-12,1.8189894035458565e-12,0,0,0,0,0
impulse,0,48,0.5,Nearest,1,614.9925649659378,20859.54742928622,0,0,0,0,0
impulse,0,48,0.5,Linear,1,340.71026374812317,6951.6561265291,0,0,0,0,0
impulse,0,48,0.5,Hermite4,1,280.3059255174419,4903.6561265291,0,0,0,0,0
impulse,0,53,0.66741943359375,Nearest,1,864.6782090164468,32338.891660137473,0,0,0,0,0
impulse,0,53,0.66741943359375,Linear,1,299.386098539708,7115.171833939579,0,0,0,0,0
impulse,0,53,0.66741943359375,Hermite4,1,246.6759437707754,4811.171833939579,0,0,0,0,0
impulse,0,59,0.9438629150390625,Nearest,1,659.0532603848108,23813.119246945833,0,0,0,0,0
impulse,0,59,0.9438629150390625,Linear,1,317.3980395325047,7082.905229238013,0,0,0,0,0
impulse,0,59,0.9438629150390625,Hermite4,1,241.21377125197122,4889.905229238013,0,0,0,0,0
impulse,0,60,1.0,Nearest,1,5.21648957523625e-13,7.275957614183426e-12,0,0,0,0,0
impulse,0,60,1.0,Linear,1,5.21648957523625e-13,7.275957614183426e-12,0,0,0,0,0
impulse,0,60,1.0,Hermite4,1,5.21648957523625e-13,7.275957614183426e-12,0,0,0,0,0
impulse,0,61,1.0594635009765625,Nearest,1,821.5523060151941,27515.368165997905,0,0,0,0,0
impulse,0,61,1.0594635009765625,Linear,1,243.85918717490043,5736.542669783888,0,0,0,0,0
impulse,0,61,1.0594635009765625,Hermite4,1,207.09307829952934,3820.03994519955,0,0,0,0,0
impulse,0,67,1.4983062744140625,Nearest,1,379.7195706255542,13626.408113190435,0,0,0,0,0
impulse,0,67,1.4983062744140625,Linear,1,231.37841665638985,7472.85675393824,0,0,0,0,0
impulse,0,67,1.4983062744140625,Hermite4,1,255.67625109381518,8553.85675393824,0,0,0,0,0
impulse,0,72,2.0,Nearest,1,362.0276378771699,16383.50065407326,0,0,0,0,0
impulse,0,72,2.0,Linear,1,362.0276378771699,16383.50065407326,0,0,0,0,0
impulse,0,72,2.0,Hermite4,1,362.0276378771699,16383.50065407326,0,0,0,0,0
step,0,48,0.5,Nearest,1,597.1602447694275,24000.000000000007,0,0,0,0,0
step,0,48,0.5,Linear,1,274.500196599351,6556.9102025128595,0,0,0,0,0
step,0,48,0.5,Hermite4,1,213.82241396830594,3626.4905993120556,0,0,0,0,0
step,0,53,0.66741943359375,Nearest,1,1044.5558269807125,44723.7712227874,0,0,0,0,0
step,0,53,0.66741943359375,Linear,1,255.312116496192,6772.674812124573,0,0,0,0,0
step,0,53,0.66741943359375,Hermite4,1,189.3759293591305,3523.4214830182827,0,0,0,0,0
step,0,59,0.9438629150390625,Nearest,1,671.710634922876,28111.97751682702,0,0,0,0,0
step,0,59,0.9438629150390625,Linear,1,255.8818744110336,6695.883049437947,0,0,0,0,0
step,0,59,0.9438629150390625,Hermite4,1,184.99999686949627,3664.3897323958663,0,0,0,0,0
step,0,60,1.0,Nearest,1,4.00009687058609e-12,1.0913936421275139e-11,0,0,0,0,0
step,0,60,1.0,Linear,1,4.00009687058609e-12,1.0913936421275139e-11,0,0,0,0,0
step,0,60,1.0,Hermite4,1,4.00009687058609e-12,1.0913936421275139e-11,0,0,0,0,0
step,0,61,1.0594635009765625,Nearest,1,805.1869494034472,35156.22570010394,0,0,0,0,0
step,0,61,1.0594635009765625,Linear,1,212.08444749560408,5814.594072053267,0,0,0,0,0
step,0,61,1.0594635009765625,Hermite4,1,169.08551485754347,3446.3084372135017,0,0,0,0,0
step,0,67,1.4983062744140625,Nearest,1,147.39042827601716,5888.425454849261,0,0,0,0,0
step,0,67,1.4983062744140625,Linear,1,147.39042827601716,5888.425454849261,0,0,0,0,0
step,0,67,1.4983062744140625,Hermite4,1,182.32333768605238,7472.425454849261,0,0,0,0,0
step,0,72,2.0,Nearest,1,297.9603067041215,12000.000479072183,0,0,0,0,0
step,0,72,2.0,Linear,1,297.9603067041215,12000.000479072183,0,0,0,0,0
step,0,72,2.0,Hermite4,1,297.9603067041215,12000.000479072183,0,0,0,0,0
ramp,0,48,0.5,Nearest,1,2.597033184670654,4.069847775106609,0,0,0,0,0
ramp,0,48,0.5,Linear,1,0.3059837951263159,0.7207876500688144,0,0,0,0,0
ramp,0,48,0.5,Hermite4,1,0.20097180969864567,0.5086334667066694,0,0,0,0,0
ramp,0,53,0.66741943359375,Nearest,1,4.18071284166797,7.998625457279559,0,0,0,0,0
ramp,0,53,0.66741943359375,Linear,1,0.3048476744260642,0.6807848656499118,0,0,0,0,0
ramp,0,53,0.66741943359375,Hermite4,1,0.29585545268762165,0.6214197051813244,0,0,0,0,0
ramp,0,59,0.9438629150390625,Nearest,1,4.240742338286325,7.999412251974718,0,0,0,0,0
ramp,0,59,0.9438629150390625,Linear,1,0.30414042966037186,0.6832611949939746,0,0,0,0,0
ramp,0,59,0.9438629150390625,Hermite4,1,0.2947983469780279,0.6355639036519278,0,0,0,0,0
ramp,0,60,1.0,Nearest,1,3.867650614095317e-12,7.275957614183426e-12,0,0,0,0,0
ramp,0,60,1.0,Linear,1,3.867650614095317e-12,7.275957614183426e-12,0,0,0,0,0
ramp,0,60,1.0,Hermite4,1,3.867650614095317e-12,7.275957614183426e-12,0,0,0,0,0
ramp,0,61,1.0594635009765625,Nearest,1,4.229135630543095,7.984175832283654,0,0,0,0,0
ramp,0,61,1.0594635009765625,Linear,1,0.30494230175301845,0.6885276811008225,0,0,0,0,0
ramp,0,61,1.0594635009765625,Hermite4,1,0.2950498985955939,0.6278417234207154,0,0,0,0,0
ramp,0,67,1.4983062744140625,Nearest,1,4.244564762068825,7.9485888548442745,0,0,0,0,0
ramp,0,67,1.4983062744140625,Linear,1,0.31286872362432255,0.8616896644507506,0,0,0,0,0
ramp,0,67,1.4983062744140625,Hermite4,1,0.3121807138845806,0.8616896644507506,0,0,0,0,0
ramp,0,72,2.0,Nearest,1,0.2696162563954492,0.37206069807871245,0,0,0,0,0
ramp,0,72,2.0,Linear,1,0.2696162563954492,0.37206069807871245,0,0,0,0,0
ramp,0,72,2.0,Hermite4,1,0.2696162563954492,0.37206069807871245,0,0,0,0,0
chirp,0,48,0.5,Nearest,1,1076.037606178079,3261.693991978541,0,0,0,0,0
chirp,0,48,0.5,Linear,1,86.31878189889765,336.15708663199985,0,0,0,0,0
chirp,0,48,0.5,Hermite4,1,2.0298255208509666,10.157086631999846,0,0,0,0,0
chirp,0,53,0.66741943359375,Nearest,1,2123.728537224496,7222.176774994571,0,0,0,0,0
chirp,0,53,0.66741943359375,Linear,1,137.34717562117393,503.5400074349691,0,0,0,0,0
chirp,0,53,0.66741943359375,Hermite4,1,8.970737271527353,37.976358250541125,0,0,0,0,0
chirp,0,59,0.9438629150390625,Nearest,1,2780.6332653465142,10695.463585266298,0,0,0,0,0
chirp,0,59,0.9438629150390625,Linear,1,238.67546870506382,942.0390946829648,0,0,0,0,0
chirp,0,59,0.9438629150390625,Hermite4,1,22.75227435110719,95.57074949970774,0,0,0,0,0
chirp,0,60,1.0,Nearest,1,4.984066579347607e-12,2.000888343900442e-11,0,0,0,0,0
chirp,0,60,1.0,Linear,1,4.984066579347607e-12,2.000888343900442e-11,0,0,0,0,0
chirp,0,60,1.0,Hermite4,1,4.984066579347607e-12,2.000888343900442e-11,0,0,0,0,0
chirp,0,61,1.0594635009765625,Nearest,1,3064.3393511139457,11177.72146539181,0,0,0,0,0
chirp,0,61,1.0594635009765625,Linear,1,289.65489200616247,1155.598451433867,0,0,0,0,0
chirp,0,61,1.0594635009765625,Hermite4,1,31.742326985798616,131.9932731273475,0,0,0,0,0
chirp,0,67,1.4983062744140625,Nearest,1,4007.118786707508,13896.290734731068,0,0,0,0,0
chirp,0,67,1.4983062744140625,Linear,1,518.8868287107126,1741.724465846908,0,0,0,0,0
chirp,0,67,1.4983062744140625,Hermite4,1,90.73952019683952,364.17749585211277,0,0,0,0,0
chirp,0,72,2.0,Nearest,1,0.20708323083209396,0.6449969589084503,0,0,0,0,0
chirp,0,72,2.0,Linear,1,0.20708323083209396,0.6449969589084503,0,0,0,0,0
chirp,0,72,2.0,Hermite4,1,0.20708323083209396,0.6449969589084503,0,0,0,0,0
noise,0,48,0.5,Nearest,1,8026.461089771171,36622.69181314105,0,0,0,0,0
noise,0,48,0.5,Linear,1,4380.754726012895,19257.525215637485,0,0,0,0,0
noise,0,48,0.5,Hermite4,1,3544.9891900154275,15120.525215637485,0,0,0,0,0
noise,0,53,0.66741943359375,Nearest,1,12064.344255005266,45859.61070559057,0,0,0,0,0
noise,0,53,0.66741943359375,Linear,1,4551.097028751028,18970.242286229397,0,0,0,0,0
noise,0,53,0.66741943359375,Hermite4,1,3638.524379287686,14960.242286229397,0,0,0,0,0
noise,0,59,0.9438629150390625,Nearest,1,12140.442827252342,45427.00334898645,0,0,0,0,0
noise,0,59,0.9438629150390625,Linear,1,4450.851954632036,15062.594651787891,0,0,0,0,0
noise,0,59,0.9438629150390625,Hermite4,1,3498.2273750850645,11773.368377802963,0,0,0,0,0
noise,0,60,1.0,Nearest,1,9.075923561580663e-12,3.2741809263825417e-11,0,0,0,0,0
noise,0,60,1.0,Linear,1,9.075923561580663e-12,3.2741809263825417e-11,0,0,0,0,0
noise,0,60,1.0,Hermite4,1,9.075923561580663e-12,3.2741809263825417e-11,0,0,0,0,0
noise,0,61,1.0594635009765625,Nearest,1,12035.49241244101,44313.42783899596,0,0,0,0,0
noise,0,61,1.0594635009765625,Linear,1,4442.106900856246,16731.91393033893,0,0,0,0,0
noise,0,61,1.0594635009765625,Hermite4,1,3751.890206013053,11754.284157462622,0,0,0,0,0
noise,0,67,1.4983062744140625,Nearest,1,10751.800891828034,41273.70083013283,0,0,0,0,0
noise,0,67,1.4983062744140625,Linear,1,5167.809681525193,20908.99310062102,0,0,0,0,0
noise,0,67,1.4983062744140625,Hermite4,1,6015.3195973003385,22637.99310062102,0,0,0,0,0
noise,0,72,2.0,Nearest,1,9771.902045259967,28806.73375395077,0,0,0,0,0
noise,0,72,2.0,Linear,1,9771.902045259967,28806.73375395077,0,0,0,0,0
noise,0,72,2.0,Hermite4,1,9771.902045259967,28806.73375395077,0,0,0,0,0
clipped_burst,0,48,0.5,Nearest,1,1087.6293218528417,15823.360813062794,0,0,0,0,0
clipped_burst,0,48,0.5,Linear,1,190.99688059311072,4337.597481116012,0,0,0,0,0
clipped_burst,0,48,0.5,Hermite4,1,158.90220103415245,3886.597481116012,0,0,0,0,0
clipped_burst,0,53,0.66741943359375,Nearest,1,1583.5615579116823,20299.212595387322,0,0,0,0,0
clipped_burst,0,53,0.66741943359375,Linear,1,165.35638245507738,4064.9626872194276,0,0,0,0,0
clipped_burst,0,53,0.66741943359375,Hermite4,1,140.40166143785828,3423.9626872194276,0,0,0,0,0
clipped_burst,0,59,0.9438629150390625,Nearest,1,1454.7467048100375,25977.159436819948,0,0,0,0,0
clipped_burst,0,59,0.9438629150390625,Linear,1,129.6909549808698,2770.989381332314,0,0,0,0,0
clipped_burst,0,59,0.9438629150390625,Hermite4,1,104.46973401071922,2527.989381332314,0,0,0,0,0
clipped_burst,0,60,1.0,Nearest,1,4.773693261420763e-12,1.8189894035458565e-11,0,0,0,0,0
clipped_burst,0,60,1.0,Linear,1,4.773693261420763e-12,1.8189894035458565e-11,0,0,0,0,0
clipped_burst,0,60,1.0,Hermite4,1,4.773693261420763e-12,1.8189894035458565e-11,0,0,0,0,0
clipped_burst,0,61,1.0594635009765625,Nearest,1,1269.0869476854828,10082.670432169632,0,0,0,0,0
clipped_burst,0,61,1.0594635009765625,Linear,1,159.06275943142472,4112.296121602529,0,0,0,0,0
clipped_burst,0,61,1.0594635009765625,Hermite4,1,139.74630743384813,3562.2961216025287,0,0,0,0,0
clipped_burst,0,67,1.4983062744140625,Nearest,1,1047.9546454531026,5613.763309736074,0,0,0,0,0
clipped_burst,0,67,1.4983062744140625,Linear,1,63.64312264990631,1744.598915964525,0,0,0,0,0
clipped_burst,0,67,1.4983062744140625,Hermite4,1,94.31012813671929,2981.9242392327187,0,0,0,0,0
clipped_burst,0,72,2.0,Nearest,1,203.0823021941825,7712.29530635674,0,0,0,0,0
clipped_burst,0,72,2.0,Linear,1,203.0823021941825,7712.29530635674,0,0,0,0,0
clipped_burst,0,72,2.0,Hermite4,1,203.0823021941825,7712.29530635674,0,0,0,0,0
smooth_transient,0,48,0.5,Nearest,1,150.99217580142917,831.2248365389482,0,0,0,0,0
smooth_transient,0,48,0.5,Linear,1,2.7521571304775163,15.926520028660889,0,0,0,0,0
smooth_transient,0,48,0.5,Hermite4,1,0.17213883571426827,0.721582467828739,0,0,0,0,0
smooth_transient,0,53,0.66741943359375,Nearest,1,198.15182237474804,1216.960114010667,0,0,0,0,0
smooth_transient,0,53,0.66741943359375,Linear,1,2.522533427357389,15.301542940440413,0,0,0,0,0
smooth_transient,0,53,0.66741943359375,Hermite4,1,0.1919458785883342,0.7164607404147414,0,0,0,0,0
smooth_transient,0,59,0.9438629150390625,Nearest,1,179.01418223865954,1493.0362990030344,0,0,0,0,0
smooth_transient,0,59,0.9438629150390625,Linear,1,2.128418649720425,16.09312518921797,0,0,0,0,0
smooth_transient,0,59,0.9438629150390625,Hermite4,1,0.16612151314354884,0.6995361943662317,0,0,0,0,0
smooth_transient,0,60,1.0,Nearest,1,8.463939642644828e-13,7.275957614183426e-12,0,0,0,0,0
smooth_transient,0,60,1.0,Linear,1,8.463939642644828e-13,7.275957614183426e-12,0,0,0,0,0
smooth_transient,0,60,1.0,Hermite4,1,8.463939642644828e-13,7.275957614183426e-12,0,0,0,0,0
smooth_transient,0,61,1.0594635009765625,Nearest,1,169.671892782975,1501.0945435612139,0,0,0,0,0
smooth_transient,0,61,1.0594635009765625,Linear,1,2.001070721844181,15.393940226706036,0,0,0,0,0
smooth_transient,0,61,1.0594635009765625,Hermite4,1,0.1559562605131801,0.6568135956476908,0,0,0,0,0
smooth_transient,0,67,1.4983062744140625,Nearest,1,143.3612254458616,1313.839765272432,0,0,0,0,0
smooth_transient,0,67,1.4983062744140625,Linear,1,1.7177932523835386,12.792491033549595,0,0,0,0,0
smooth_transient,0,67,1.4983062744140625,Hermite4,1,0.13381339535959255,0.7001251513111129,0,0,0,0,0
smooth_transient,0,72,2.0,Nearest,1,0.0752335823772005,0.5439471732315724,0,0,0,0,0
smooth_transient,0,72,2.0,Linear,1,0.0752335823772005,0.5439471732315724,0,0,0,0,0
smooth_transient,0,72,2.0,Hermite4,1,0.0752335823772005,0.5439471732315724,0,0,0,0,0
alternating,0,48,0.5,Nearest,1,23170.121452530195,32767.499999999993,0,0,0,0,0
alternating,0,48,0.5,Linear,1,0.3535533905932738,0.500000000007276,0,0,0,0,0
alternating,0,48,0.5,Hermite4,1,0.3535533905932738,0.500000000007276,0,0,0,0,0
alternating,0,53,0.66741943359375,Nearest,1,39663.734431153316,65534.99457854696,0,0,0,0,0
alternating,0,53,0.66741943359375,Linear,1,4953.61931401491,6898.226012526335,0,0,0,0,0
alternating,0,53,0.66741943359375,Hermite4,1,438.22665815245284,656.3439175132662,0,0,0,0,0
alternating,0,59,0.9438629150390625,Nearest,1,40143.30724117011,65534.99905877531,0,0,0,0,0
alternating,0,59,0.9438629150390625,Linear,1,4944.573664270375,6898.226012526327,0,0,0,0,0
alternating,0,59,0.9438629150390625,Hermite4,1,439.6683982803033,656.2873131018641,0,0,0,0,0
alternating,0,60,1.0,Nearest,1,2.1464074961841106e-10,2.1464074961841106e-10,0,0,0,0,0
alternating,0,60,1.0,Linear,1,2.1464074961841106e-10,2.1464074961841106e-10,0,0,0,0,0
alternating,0,60,1.0,Hermite4,1,2.1464074961841106e-10,2.1464074961841106e-10,0,0,0,0,0
alternating,0,61,1.0594635009765625,Nearest,1,32767.497994117362,32768.143000520766,0,0,0,0,0
alternating,0,61,1.0594635009765625,Linear,1,18907.982835884028,32766.856998412084,0,0,0,0,0
alternating,0,61,1.0594635009765625,Hermite4,1,22823.85824515206,32766.85700550958,0,0,0,0,0
alternating,0,67,1.4983062744140625,Nearest,1,32767.49998895599,32767.50406617281,0,0,0,0,0
alternating,0,67,1.4983062744140625,Linear,1,18890.079775251816,32767.50406617281,0,0,0,0,0
alternating,0,67,1.4983062744140625,Hermite4,1,22839.478188425623,32767.50406617281,0,0,0,0,0
alternating,0,72,2.0,Nearest,1,32767.501308166473,32767.50130816647,0,0,0,0,0
alternating,0,72,2.0,Linear,1,32767.501308166473,32767.50130816647,0,0,0,0,0
alternating,0,72,2.0,Hermite4,1,32767.501308166473,32767.50130816647,0,0,0,0,0
