frequency,pitch,rms_change,peak_change
100,48,0.001496755576345775,0.011110439251751814
100,53,0.0013574103426288702,0.00956851263435965
100,59,0.0012364342993660255,0.009756936979101738
100,60,1.5403688600962472e-12,5.4569682106375694e-12
100,61,0.006149210577048365,0.010992524828225214
100,67,0.002520901120863356,0.006669154457995319
100,72,0.0030423216940793515,0.007630731560766435
500,48,0.004730822478753854,0.04469595482078148
500,53,0.004202844081688693,0.03850012859766139
500,59,0.0036498869891713353,0.03731539383261406
500,60,2.8680431084308774e-12,7.275957614183426e-12
500,61,0.007407670170888919,0.04797953448542103
500,67,0.003169105529722487,0.02883570563608373
500,72,0.002366864824760263,0.0050339335548414965
1000,48,0.009496259749650366,0.09286522371985484
1000,53,0.008246112439660227,0.08000277508472209
1000,59,0.006917891508124671,0.07827828988229157
1000,60,3.662659835431629e-12,7.275957614183426e-12
1000,61,0.008676966397652386,0.07863044509940664
1000,67,0.005693877259838759,0.05665393291383225
1000,72,0.002765584451941301,0.0047378122126247035
3000,48,0.026621713525997768,0.271674664015336
3000,53,0.02313947535068353,0.23405791894583672
3000,59,0.01941671265021032,0.22651970994047588
3000,60,6.678410828141427e-12,1.0913936421275139e-11
3000,61,0.02522819416548914,0.2568249035966801
3000,67,0.013542445727142317,0.16549417447458836
3000,72,0.006662502310158471,0.018046107338705042
5000,48,0.04896968441858658,0.47980349772024056
5000,53,0.04251473737279972,0.4134111019957345
5000,59,0.035706546554837695,0.4043415795022156
5000,60,7.395472239230913e-12,1.2732925824820995e-11
5000,61,0.04261418699904556,0.43980733807984507
5000,67,0.025126903871552045,0.2993911738303723
5000,72,0.005303909412780718,0.03819918948966006
10000,48,0.10980492912358669,1.1035685520018887
10000,53,0.09504400844826716,0.9508904967697163
10000,59,0.07930405893284463,0.9266225217907049
10000,60,1.6484608816859956e-12,3.637978807091713e-12
10000,61,0.10012280189121976,1.0356434943796557
10000,67,0.07384071980617393,0.8940897197035156
10000,72,0.3036880548406839,1.4706636461241942
15000,48,0.22997882693248708,2.320231696077826
15000,53,0.19905423211920803,1.999084348553879
15000,59,0.1660589052143702,1.9470060362255026
15000,60,4.451494596827867e-12,9.094947017729282e-12
15000,61,0.21654379003080707,2.2379856771949562
15000,67,12.47419687460639,21.49629066709315
15000,72,0.010186117084375073,0.08899680861293291
18000,48,0.4276485020969309,4.31173236129689
18000,53,0.3701226987435264,3.7145945021857187
18000,59,0.30877726474957246,3.612174828476782
18000,60,1.6577336353955986e-11,2.546585164964199e-11
18000,61,0.43060373847005184,4.44480001744455
18000,67,0.06312889941249082,0.7841119866743611
18000,72,0.0019463679006038162,0.022912539502613072
